id,slug,name,cluster,cluster_ar,destination,type,official_url,official_domain,tags,family_score,honeymoon_score,privacy_score,nature_score,luxury_score,audience_segments,saudi_fit_reason_ar,content_angle_ar,crawl_hints,source_strategy,media_rights_note_ar,cohort,launch_priority,data_status
1,ng-sapanca,NG Sapanca,Sapanca & Lake Nature,سابانجا والطبيعة حول البحيرة,Sapanca,Resort,https://www.nghotels.com.tr/en/our-hotels/ng-sapanca/,nghotels.com.tr,"family, wellness, lake, forest, kids, spa",5,1,1,3,3,"family, wellness, mountain_lake_nature",مناسب للعائلات الخليجية بفضل المساحات والمرافق العائلية، ويركّز على الطبيعة والهدوء بعيدًا عن زحمة المدن، مع عنصر سبا/استرخاء مهم في الرحلات الطويلة، ويصلح كخيار قريب نسبيًا لمن يريد طبيعة سهلة الوصول بعد إسطنبول.,قدّم الفندق كملاذ قريب للطبيعة: ابدأ بالبحيرة أو الغابة أو الجبل، ثم الأنشطة، ثم نوع الضيف الأنسب.,"homepage, rooms, gallery, offers, dining, spa, location, contact, kids-club, wellness","Use official site pages first: homepage, rooms, gallery, offers, dining, spa, location, then capture source URLs for media and offer text.",للتطوير: خزّن روابط الصور الأصلية وبيانات المصدر. قبل الإطلاق التجاري: استخدم فقط الصور التي لديك حق إعادة استخدامها من الفندق أو المورد.,launch,1,ready_for_ingestion
2,elite-world-grand-sapanca,Elite World Grand Sapanca,Sapanca & Lake Nature,سابانجا والطبيعة حول البحيرة,Sapanca,Resort,https://www.eliteworldhotels.com.tr/hotels/elite-world-grand-sapanca,eliteworldhotels.com.tr,"family, wellness, lake, forest, spa, thermal_pool",4,1,1,3,3,"family, wellness, mountain_lake_nature",مناسب للعائلات الخليجية بفضل المساحات والمرافق العائلية، ويركّز على الطبيعة والهدوء بعيدًا عن زحمة المدن، مع عنصر سبا/استرخاء مهم في الرحلات الطويلة، ويصلح كخيار قريب نسبيًا لمن يريد طبيعة سهلة الوصول بعد إسطنبول.,قدّم الفندق كملاذ قريب للطبيعة: ابدأ بالبحيرة أو الغابة أو الجبل، ثم الأنشطة، ثم نوع الضيف الأنسب.,"homepage, rooms, gallery, offers, dining, spa, location, contact, wellness","Use official site pages first: homepage, rooms, gallery, offers, dining, spa, location, then capture source URLs for media and offer text.",للتطوير: خزّن روابط الصور الأصلية وبيانات المصدر. قبل الإطلاق التجاري: استخدم فقط الصور التي لديك حق إعادة استخدامها من الفندق أو المورد.,launch,2,ready_for_ingestion
3,richmond-nua-wellness-spa,Richmond Nua Wellness Spa,Sapanca & Lake Nature,سابانجا والطبيعة حول البحيرة,Sapanca,Wellness Hotel,https://www.richmondnua.com/en,richmondnua.com,"wellness, lake, spa, adults_only, honeymoon",2,4,1,2,3,"honeymoon, wellness, mountain_lake_nature",ويركّز على الطبيعة والهدوء بعيدًا عن زحمة المدن، مع عنصر سبا/استرخاء مهم في الرحلات الطويلة، ويصلح كخيار قريب نسبيًا لمن يريد طبيعة سهلة الوصول بعد إسطنبول.,قدّم الفندق كملاذ قريب للطبيعة: ابدأ بالبحيرة أو الغابة أو الجبل، ثم الأنشطة، ثم نوع الضيف الأنسب.,"homepage, rooms, gallery, offers, dining, spa, location, contact, wellness","Use official site pages first: homepage, rooms, gallery, offers, dining, spa, location, then capture source URLs for media and offer text.",للتطوير: خزّن روابط الصور الأصلية وبيانات المصدر. قبل الإطلاق التجاري: استخدم فقط الصور التي لديك حق إعادة استخدامها من الفندق أو المورد.,launch,3,ready_for_ingestion
4,ramada-resort-by-wyndham-sapanca-thermal,Ramada Resort by Wyndham Sapanca Thermal,Sapanca & Lake Nature,سابانجا والطبيعة حول البحيرة,Sapanca,Thermal Resort,https://www.wyndhamhotels.com/ramada/sakarya-turkiye/ramada-resort-sapanca-thermal/overview,wyndhamhotels.com,"bungalow, lake, thermal, family, spa",5,1,1,3,2,"family, wellness, mountain_lake_nature",مناسب للعائلات الخليجية بفضل المساحات والمرافق العائلية، ويركّز على الطبيعة والهدوء بعيدًا عن زحمة المدن، مع عنصر سبا/استرخاء مهم في الرحلات الطويلة، ويصلح كخيار قريب نسبيًا لمن يريد طبيعة سهلة الوصول بعد إسطنبول.,قدّم الفندق كرحلة استرخاء وسبا: ابدأ بالطبيعة، ثم الحمامات/الحراري، ثم سهولة الرحلة للعائلة أو الزوجين.,"homepage, rooms, gallery, offers, dining, spa, location, contact, thermal, wellness","Use official site pages first: homepage, rooms, gallery, offers, dining, spa, location, then capture source URLs for media and offer text.",للتطوير: خزّن روابط الصور الأصلية وبيانات المصدر. قبل الإطلاق التجاري: استخدم فقط الصور التي لديك حق إعادة استخدامها من الفندق أو المورد.,launch,4,ready_for_ingestion
5,dedeman-village-sapanca,Dedeman Village Sapanca,Sapanca & Lake Nature,سابانجا والطبيعة حول البحيرة,Sapanca,Bungalow Resort,https://www.dedeman.com/en/hotels/dedeman-village-sapanca/,dedeman.com,"bungalow, lake, family, privacy, nature",5,2,3,3,2,"family, honeymoon, mountain_lake_nature",مناسب للعائلات الخليجية بفضل المساحات والمرافق العائلية، ويقدّم خصوصية أعلى تناسب الحجوزات الراقية، ويركّز على الطبيعة والهدوء بعيدًا عن زحمة المدن، ويصلح كخيار قريب نسبيًا لمن يريد طبيعة سهلة الوصول بعد إسطنبول.,قدّم الفندق كخيار خصوصية وفخامة: ابدأ بالمساحة والهدوء، ثم الفلل/الأجنحة، ثم سبب ملاءمته للعميل الخليجي.,"homepage, rooms, gallery, offers, dining, spa, location, contact","Use official site pages first: homepage, rooms, gallery, offers, dining, spa, location, then capture source URLs for media and offer text.",للتطوير: خزّن روابط الصور الأصلية وبيانات المصدر. قبل الإطلاق التجاري: استخدم فقط الصور التي لديك حق إعادة استخدامها من الفندق أو المورد.,launch,5,ready_for_ingestion
7,world-dreams-sapanca,World Dreams Sapanca,Sapanca & Lake Nature,سابانجا والطبيعة حول البحيرة,Sapanca,Luxury Bungalow,https://www.worlddreamssapanca.com/en,worlddreamssapanca.com,"private_pool, bungalow, honeymoon, privacy, nature",3,4,3,2,3,honeymoon,ويقدّم خصوصية أعلى تناسب الحجوزات الراقية، ويركّز على الطبيعة والهدوء بعيدًا عن زحمة المدن، ويصلح كخيار قريب نسبيًا لمن يريد طبيعة سهلة الوصول بعد إسطنبول.,قدّم الفندق كخيار خصوصية وفخامة: ابدأ بالمساحة والهدوء، ثم الفلل/الأجنحة، ثم سبب ملاءمته للعميل الخليجي.,"homepage, rooms, gallery, offers, dining, spa, location, contact, villas","Use official site pages first: homepage, rooms, gallery, offers, dining, spa, location, then capture source URLs for media and offer text.",للتطوير: خزّن روابط الصور الأصلية وبيانات المصدر. قبل الإطلاق التجاري: استخدم فقط الصور التي لديك حق إعادة استخدامها من الفندق أو المورد.,launch,6,ready_for_ingestion
9,swissotel-uludag-bursa,Swissotel Uludag Bursa,Mountain & Wellness Escapes,ملاذات الجبال والسبا,Uludag / Bursa,Wellness Resort,https://www.swissotel.com/hotels/uludag-bursa/,swissotel.com,"mountain, wellness, forest, family, spa",4,1,1,3,3,"family, wellness, mountain_lake_nature",مناسب للعائلات الخليجية بفضل المساحات والمرافق العائلية، ويركّز على الطبيعة والهدوء بعيدًا عن زحمة المدن، مع عنصر سبا/استرخاء مهم في الرحلات الطويلة.,قدّم الفندق كملاذ قريب للطبيعة: ابدأ بالبحيرة أو الغابة أو الجبل، ثم الأنشطة، ثم نوع الضيف الأنسب.,"homepage, rooms, gallery, offers, dining, spa, location, contact, wellness","Use official site pages first: homepage, rooms, gallery, offers, dining, spa, location, then capture source URLs for media and offer text.",للتطوير: خزّن روابط الصور الأصلية وبيانات المصدر. قبل الإطلاق التجاري: استخدم فقط الصور التي لديك حق إعادة استخدامها من الفندق أو المورد.,launch,7,ready_for_ingestion
14,abant-palace,Abant Palace,Lake & Forest Escapes,ملاذات البحيرات والغابات,Abant / Bolu,Lake Hotel,https://abantpalace.com/,abantpalace.com,"lake, forest, spa, family",4,1,1,3,2,"family, wellness, mountain_lake_nature",مناسب للعائلات الخليجية بفضل المساحات والمرافق العائلية، ويركّز على الطبيعة والهدوء بعيدًا عن زحمة المدن، مع عنصر سبا/استرخاء مهم في الرحلات الطويلة.,قدّم الفندق كملاذ قريب للطبيعة: ابدأ بالبحيرة أو الغابة أو الجبل، ثم الأنشطة، ثم نوع الضيف الأنسب.,"homepage, rooms, gallery, offers, dining, spa, location, contact, wellness","Use official site pages first: homepage, rooms, gallery, offers, dining, spa, location, then capture source URLs for media and offer text.",للتطوير: خزّن روابط الصور الأصلية وبيانات المصدر. قبل الإطلاق التجاري: استخدم فقط الصور التي لديك حق إعادة استخدامها من الفندق أو المورد.,launch,8,ready_for_ingestion
16,royal-uzungol-hotel,Royal Uzungol Hotel,Black Sea Nature,طبيعة البحر الأسود,Uzungol / Trabzon,Lake Hotel,https://www.royaluzungol.com/en/,royaluzungol.com,"lake, mountain, family, spa, black_sea",4,1,1,4,2,"family, wellness, mountain_lake_nature",مناسب للعائلات الخليجية بفضل المساحات والمرافق العائلية، ويركّز على الطبيعة والهدوء بعيدًا عن زحمة المدن، مع عنصر سبا/استرخاء مهم في الرحلات الطويلة، ويخدم الطلب العالي على الشمال التركي والجو الأبرد.,قدّم الفندق كخيار للشمال التركي: ركّز على الخضرة والجو البارد والإطلالات وسهولة الرحلات اليومية.,"homepage, rooms, gallery, offers, dining, spa, location, contact, wellness","Use official site pages first: homepage, rooms, gallery, offers, dining, spa, location, then capture source URLs for media and offer text.",للتطوير: خزّن روابط الصور الأصلية وبيانات المصدر. قبل الإطلاق التجاري: استخدم فقط الصور التي لديك حق إعادة استخدامها من الفندق أو المورد.,launch,9,ready_for_ingestion
17,ricosta-hotel,Ricosta Hotel,Black Sea Nature,طبيعة البحر الأسود,Rize,Beachfront Hotel,https://www.ricostahotel.com.tr/,ricostahotel.com.tr,"private_beach, black_sea, family, spa, luxury",4,2,2,3,3,"family, wellness, beach_nature",مناسب للعائلات الخليجية بفضل المساحات والمرافق العائلية، وفيه تجربة ساحلية هادئة بخليج أو شاطئ خاص، مع عنصر سبا/استرخاء مهم في الرحلات الطويلة، ويخدم الطلب العالي على الشمال التركي والجو الأبرد.,قدّم الفندق كخيار للشمال التركي: ركّز على الخضرة والجو البارد والإطلالات وسهولة الرحلات اليومية.,"homepage, rooms, gallery, offers, dining, spa, location, contact, beach, wellness","Use official site pages first: homepage, rooms, gallery, offers, dining, spa, location, then capture source URLs for media and offer text.",للتطوير: خزّن روابط الصور الأصلية وبيانات المصدر. قبل الإطلاق التجاري: استخدم فقط الصور التي لديك حق إعادة استخدامها من الفندق أو المورد.,launch,10,ready_for_ingestion
18,ridos-thermal-hotel-and-spa,Ridos Thermal Hotel and Spa,Black Sea Nature,طبيعة البحر الأسود,Ikizdere / Rize,Thermal Mountain Hotel,https://www.ridosotel.com.tr/en/,ridosotel.com.tr,"thermal, mountain, forest, spa, family",4,1,1,4,2,"family, wellness, mountain_lake_nature",مناسب للعائلات الخليجية بفضل المساحات والمرافق العائلية، ويركّز على الطبيعة والهدوء بعيدًا عن زحمة المدن، مع عنصر سبا/استرخاء مهم في الرحلات الطويلة، ويخدم الطلب العالي على الشمال التركي والجو الأبرد.,قدّم الفندق كرحلة استرخاء وسبا: ابدأ بالطبيعة، ثم الحمامات/الحراري، ثم سهولة الرحلة للعائلة أو الزوجين.,"homepage, rooms, gallery, offers, dining, spa, location, contact, thermal, wellness","Use official site pages first: homepage, rooms, gallery, offers, dining, spa, location, then capture source URLs for media and offer text.",للتطوير: خزّن روابط الصور الأصلية وبيانات المصدر. قبل الإطلاق التجاري: استخدم فقط الصور التي لديك حق إعادة استخدامها من الفندق أو المورد.,launch,11,ready_for_ingestion
19,babillon-hotel-and-spa-and-restaurant,Babillon Hotel and Spa and Restaurant,Black Sea Nature,طبيعة البحر الأسود,Rize,Beachfront Hotel,https://babillonhotel.com/,babillonhotel.com,"private_beach, black_sea, family, spa",4,1,2,3,2,"family, wellness, beach_nature",مناسب للعائلات الخليجية بفضل المساحات والمرافق العائلية، وفيه تجربة ساحلية هادئة بخليج أو شاطئ خاص، مع عنصر سبا/استرخاء مهم في الرحلات الطويلة، ويخدم الطلب العالي على الشمال التركي والجو الأبرد.,قدّم الفندق كخيار للشمال التركي: ركّز على الخضرة والجو البارد والإطلالات وسهولة الرحلات اليومية.,"homepage, rooms, gallery, offers, dining, spa, location, contact, beach, wellness","Use official site pages first: homepage, rooms, gallery, offers, dining, spa, location, then capture source URLs for media and offer text.",للتطوير: خزّن روابط الصور الأصلية وبيانات المصدر. قبل الإطلاق التجاري: استخدم فقط الصور التي لديك حق إعادة استخدامها من الفندق أو المورد.,launch,12,ready_for_ingestion
20,hancioglu-camburnu-orman-evleri-and-hotel,Hancioglu Camburnu Orman Evleri and Hotel,Black Sea Nature,طبيعة البحر الأسود,Surmene / Trabzon,Forest Lodges,https://camburnu.com/,camburnu.com,"forest, black_sea, bungalow, family, nature",5,1,1,4,2,"family, mountain_lake_nature",مناسب للعائلات الخليجية بفضل المساحات والمرافق العائلية، ويركّز على الطبيعة والهدوء بعيدًا عن زحمة المدن، ويخدم الطلب العالي على الشمال التركي والجو الأبرد.,قدّم الفندق كخيار للشمال التركي: ركّز على الخضرة والجو البارد والإطلالات وسهولة الرحلات اليومية.,"homepage, rooms, gallery, offers, dining, spa, location, contact","Use official site pages first: homepage, rooms, gallery, offers, dining, spa, location, then capture source URLs for media and offer text.",للتطوير: خزّن روابط الصور الأصلية وبيانات المصدر. قبل الإطلاق التجاري: استخدم فقط الصور التي لديك حق إعادة استخدامها من الفندق أو المورد.,launch,13,ready_for_ingestion
21,ayder-doga-resort-hotel,Ayder Doga Resort Hotel,Black Sea Nature,طبيعة البحر الأسود,Ayder / Rize,Mountain Resort,https://www.aydervillage.com/en-US/,aydervillage.com,"mountain, forest, waterfall, honeymoon, family",4,3,1,4,2,"family, honeymoon, mountain_lake_nature",مناسب للعائلات الخليجية بفضل المساحات والمرافق العائلية، ويركّز على الطبيعة والهدوء بعيدًا عن زحمة المدن، ويخدم الطلب العالي على الشمال التركي والجو الأبرد.,قدّم الفندق كخيار للشمال التركي: ركّز على الخضرة والجو البارد والإطلالات وسهولة الرحلات اليومية.,"homepage, rooms, gallery, offers, dining, spa, location, contact","Use official site pages first: homepage, rooms, gallery, offers, dining, spa, location, then capture source URLs for media and offer text.",للتطوير: خزّن روابط الصور الأصلية وبيانات المصدر. قبل الإطلاق التجاري: استخدم فقط الصور التي لديك حق إعادة استخدامها من الفندق أو المورد.,launch,14,ready_for_ingestion
22,kackar-resort-hotel,Kackar Resort Hotel,Black Sea Nature,طبيعة البحر الأسود,Ayder / Rize,Mountain Resort,https://accommodation.kackarbyutmb.com/kackarresort,accommodation.kackarbyutmb.com,"mountain, forest, spa, family, nature",4,1,1,4,2,"family, wellness, mountain_lake_nature",مناسب للعائلات الخليجية بفضل المساحات والمرافق العائلية، ويركّز على الطبيعة والهدوء بعيدًا عن زحمة المدن، مع عنصر سبا/استرخاء مهم في الرحلات الطويلة، ويخدم الطلب العالي على الشمال التركي والجو الأبرد.,قدّم الفندق كخيار للشمال التركي: ركّز على الخضرة والجو البارد والإطلالات وسهولة الرحلات اليومية.,"homepage, rooms, gallery, offers, dining, spa, location, contact, wellness","Use official site pages first: homepage, rooms, gallery, offers, dining, spa, location, then capture source URLs for media and offer text.",للتطوير: خزّن روابط الصور الأصلية وبيانات المصدر. قبل الإطلاق التجاري: استخدم فقط الصور التي لديك حق إعادة استخدامها من الفندق أو المورد.,launch,15,ready_for_ingestion
23,sera-lake-resort-hotel,Sera Lake Resort Hotel,Black Sea Nature,طبيعة البحر الأسود,Trabzon,Lake View Resort,https://seralakehotel.com/en/,seralakehotel.com,"lake, sea_view, family, spa, black_sea",4,1,1,3,2,"family, wellness, mountain_lake_nature",مناسب للعائلات الخليجية بفضل المساحات والمرافق العائلية، ويركّز على الطبيعة والهدوء بعيدًا عن زحمة المدن، مع عنصر سبا/استرخاء مهم في الرحلات الطويلة، ويخدم الطلب العالي على الشمال التركي والجو الأبرد.,قدّم الفندق كخيار للشمال التركي: ركّز على الخضرة والجو البارد والإطلالات وسهولة الرحلات اليومية.,"homepage, rooms, gallery, offers, dining, spa, location, contact, wellness","Use official site pages first: homepage, rooms, gallery, offers, dining, spa, location, then capture source URLs for media and offer text.",للتطوير: خزّن روابط الصور الأصلية وبيانات المصدر. قبل الإطلاق التجاري: استخدم فقط الصور التي لديك حق إعادة استخدامها من الفندق أو المورد.,launch,16,ready_for_ingestion
26,mandarin-oriental-bodrum,Mandarin Oriental Bodrum,Bodrum and Aegean Luxury Coast,بودروم والساحل الإيجي الفاخر,Bodrum,Luxury Resort,https://www.mandarinoriental.com/en/bodrum/paradise-bay,mandarinoriental.com,"private_beach, villa, privacy, honeymoon, luxury, family",5,5,4,2,4,"family, honeymoon, beach_nature",مناسب للعائلات الخليجية بفضل المساحات والمرافق العائلية، ويقدّم خصوصية أعلى تناسب الحجوزات الراقية، وفيه تجربة ساحلية هادئة بخليج أو شاطئ خاص، ويصلح لرحلات الصيف الفاخرة أو شهر العسل.,قدّم الفندق كخيار خصوصية وفخامة: ابدأ بالمساحة والهدوء، ثم الفلل/الأجنحة، ثم سبب ملاءمته للعميل الخليجي.,"homepage, rooms, gallery, offers, dining, spa, location, contact, villas, beach","Use official site pages first: homepage, rooms, gallery, offers, dining, spa, location, then capture source URLs for media and offer text.",للتطوير: خزّن روابط الصور الأصلية وبيانات المصدر. قبل الإطلاق التجاري: استخدم فقط الصور التي لديك حق إعادة استخدامها من الفندق أو المورد.,launch,17,ready_for_ingestion
27,caresse-luxury-collection-bodrum,Caresse Luxury Collection Bodrum,Bodrum and Aegean Luxury Coast,بودروم والساحل الإيجي الفاخر,Bodrum,Luxury Resort,https://www.caresse.com.tr/en,caresse.com.tr,"private_beach, honeymoon, spa, luxury",2,4,2,2,3,"honeymoon, wellness, beach_nature",وفيه تجربة ساحلية هادئة بخليج أو شاطئ خاص، مع عنصر سبا/استرخاء مهم في الرحلات الطويلة، ويصلح لرحلات الصيف الفاخرة أو شهر العسل.,قدّم الفندق كتجربة ساحلية هادئة وراقية: ابدأ بالخليج/الشاطئ، ثم الخصوصية، ثم الخدمة الراقية.,"homepage, rooms, gallery, offers, dining, spa, location, contact, beach, wellness","Use official site pages first: homepage, rooms, gallery, offers, dining, spa, location, then capture source URLs for media and offer text.",للتطوير: خزّن روابط الصور الأصلية وبيانات المصدر. قبل الإطلاق التجاري: استخدم فقط الصور التي لديك حق إعادة استخدامها من الفندق أو المورد.,launch,18,ready_for_ingestion
28,titanic-luxury-collection-bodrum,Titanic Luxury Collection Bodrum,Bodrum and Aegean Luxury Coast,بودروم والساحل الإيجي الفاخر,Bodrum,All Inclusive Resort,https://www.titanic.com.tr/titanic-luxury-collection-bodrum,titanic.com.tr,"private_beach, all_inclusive, family, kids, spa, villa",5,2,4,2,3,"family, wellness, beach_nature",مناسب للعائلات الخليجية بفضل المساحات والمرافق العائلية، ويقدّم خصوصية أعلى تناسب الحجوزات الراقية، وفيه تجربة ساحلية هادئة بخليج أو شاطئ خاص، مع عنصر سبا/استرخاء مهم في الرحلات الطويلة.,قدّم الفندق كخيار خصوصية وفخامة: ابدأ بالمساحة والهدوء، ثم الفلل/الأجنحة، ثم سبب ملاءمته للعميل الخليجي.,"homepage, rooms, gallery, offers, dining, spa, location, contact, kids-club, villas, beach, wellness","Use official site pages first: homepage, rooms, gallery, offers, dining, spa, location, then capture source URLs for media and offer text.",للتطوير: خزّن روابط الصور الأصلية وبيانات المصدر. قبل الإطلاق التجاري: استخدم فقط الصور التي لديك حق إعادة استخدامها من الفندق أو المورد.,launch,19,ready_for_ingestion
29,rixos-premium-bodrum,Rixos Premium Bodrum,Bodrum and Aegean Luxury Coast,بودروم والساحل الإيجي الفاخر,Bodrum,All Inclusive Resort,https://www.rixos.com/hotel-resort/rixos-premium-bodrum,rixos.com,"private_beach, all_inclusive, family, kids, spa",5,1,2,2,2,"family, wellness, beach_nature",مناسب للعائلات الخليجية بفضل المساحات والمرافق العائلية، وفيه تجربة ساحلية هادئة بخليج أو شاطئ خاص، مع عنصر سبا/استرخاء مهم في الرحلات الطويلة، ويصلح لرحلات الصيف الفاخرة أو شهر العسل.,قدّم الفندق كتجربة ساحلية هادئة وراقية: ابدأ بالخليج/الشاطئ، ثم الخصوصية، ثم الخدمة الراقية.,"homepage, rooms, gallery, offers, dining, spa, location, contact, kids-club, beach, wellness","Use official site pages first: homepage, rooms, gallery, offers, dining, spa, location, then capture source URLs for media and offer text.",للتطوير: خزّن روابط الصور الأصلية وبيانات المصدر. قبل الإطلاق التجاري: استخدم فقط الصور التي لديك حق إعادة استخدامها من الفندق أو المورد.,launch,20,ready_for_ingestion
30,amanruya,Amanruya,Bodrum and Aegean Luxury Coast,بودروم والساحل الإيجي الفاخر,Bodrum,Ultra Luxury Resort,https://www.aman.com/resorts/amanruya,aman.com,"villa, privacy, honeymoon, luxury, nature",3,5,3,2,4,honeymoon,ويقدّم خصوصية أعلى تناسب الحجوزات الراقية، ويركّز على الطبيعة والهدوء بعيدًا عن زحمة المدن، ويصلح لرحلات الصيف الفاخرة أو شهر العسل.,قدّم الفندق كخيار خصوصية وفخامة: ابدأ بالمساحة والهدوء، ثم الفلل/الأجنحة، ثم سبب ملاءمته للعميل الخليجي.,"homepage, rooms, gallery, offers, dining, spa, location, contact, villas","Use official site pages first: homepage, rooms, gallery, offers, dining, spa, location, then capture source URLs for media and offer text.",للتطوير: خزّن روابط الصور الأصلية وبيانات المصدر. قبل الإطلاق التجاري: استخدم فقط الصور التي لديك حق إعادة استخدامها من الفندق أو المورد.,launch,21,ready_for_ingestion
32,six-senses-kaplankaya,Six Senses Kaplankaya,Bodrum and Aegean Luxury Coast,بودروم والساحل الإيجي الفاخر,Milas / Bodrum Region,Wellness Resort,https://www.sixsenses.com/en/hotels-resorts/europe/turkey/kaplankaya/,sixsenses.com,"wellness, privacy, private_beach, luxury, nature",2,3,4,3,4,"honeymoon, wellness, beach_nature",ويقدّم خصوصية أعلى تناسب الحجوزات الراقية، ويركّز على الطبيعة والهدوء بعيدًا عن زحمة المدن، وفيه تجربة ساحلية هادئة بخليج أو شاطئ خاص، مع عنصر سبا/استرخاء مهم في الرحلات الطويلة.,قدّم الفندق كخيار خصوصية وفخامة: ابدأ بالمساحة والهدوء، ثم الفلل/الأجنحة، ثم سبب ملاءمته للعميل الخليجي.,"homepage, rooms, gallery, offers, dining, spa, location, contact, beach, wellness","Use official site pages first: homepage, rooms, gallery, offers, dining, spa, location, then capture source URLs for media and offer text.",للتطوير: خزّن روابط الصور الأصلية وبيانات المصدر. قبل الإطلاق التجاري: استخدم فقط الصور التي لديك حق إعادة استخدامها من الفندق أو المورد.,launch,22,ready_for_ingestion
41,d-maris-bay,D Maris Bay,Gocek Fethiye and Turquoise Coast,غوجك وفتحية والساحل الفيروزي,Marmaris / Hisaronu Bay,Luxury Bay Resort,https://www.dmarisbay.com/,dmarisbay.com,"private_bays, luxury, privacy, honeymoon, yacht",2,5,4,2,4,"honeymoon, beach_nature",ويقدّم خصوصية أعلى تناسب الحجوزات الراقية، وفيه تجربة ساحلية هادئة بخليج أو شاطئ خاص، ويصلح لرحلات الصيف الفاخرة أو شهر العسل.,قدّم الفندق كخيار خصوصية وفخامة: ابدأ بالمساحة والهدوء، ثم الفلل/الأجنحة، ثم سبب ملاءمته للعميل الخليجي.,"homepage, rooms, gallery, offers, dining, spa, location, contact, beach","Use official site pages first: homepage, rooms, gallery, offers, dining, spa, location, then capture source URLs for media and offer text.",للتطوير: خزّن روابط الصور الأصلية وبيانات المصدر. قبل الإطلاق التجاري: استخدم فقط الصور التي لديك حق إعادة استخدامها من الفندق أو المورد.,launch,23,ready_for_ingestion
44,d-resort-gocek,D Resort Gocek,Gocek Fethiye and Turquoise Coast,غوجك وفتحية والساحل الفيروزي,Gocek,Marina Resort,https://www.dresortgocek.com/,dresortgocek.com,"marina, nature, beach, family, boutique",4,1,1,2,2,family,مناسب للعائلات الخليجية بفضل المساحات والمرافق العائلية، ويركّز على الطبيعة والهدوء بعيدًا عن زحمة المدن، ويصلح لرحلات الصيف الفاخرة أو شهر العسل.,قدّم الفندق كتجربة ساحلية هادئة وراقية: ابدأ بالخليج/الشاطئ، ثم الخصوصية، ثم الخدمة الراقية.,"homepage, rooms, gallery, offers, dining, spa, location, contact","Use official site pages first: homepage, rooms, gallery, offers, dining, spa, location, then capture source URLs for media and offer text.",للتطوير: خزّن روابط الصور الأصلية وبيانات المصدر. قبل الإطلاق التجاري: استخدم فقط الصور التي لديك حق إعادة استخدامها من الفندق أو المورد.,launch,24,ready_for_ingestion
45,yazz-collective,Yazz Collective,Gocek Fethiye and Turquoise Coast,غوجك وفتحية والساحل الفيروزي,Gocek,Boat Access Hideaway,https://yazzcollective.com/,yazzcollective.com,"boat_access, privacy, honeymoon, lifestyle, nature",2,4,4,2,2,honeymoon,ويقدّم خصوصية أعلى تناسب الحجوزات الراقية، ويركّز على الطبيعة والهدوء بعيدًا عن زحمة المدن، ويصلح لرحلات الصيف الفاخرة أو شهر العسل.,قدّم الفندق كخيار خصوصية وفخامة: ابدأ بالمساحة والهدوء، ثم الفلل/الأجنحة، ثم سبب ملاءمته للعميل الخليجي.,"homepage, rooms, gallery, offers, dining, spa, location, contact","Use official site pages first: homepage, rooms, gallery, offers, dining, spa, location, then capture source URLs for media and offer text.",للتطوير: خزّن روابط الصور الأصلية وبيانات المصدر. قبل الإطلاق التجاري: استخدم فقط الصور التي لديك حق إعادة استخدامها من الفندق أو المورد.,launch,25,ready_for_ingestion
46,hillside-beach-club,Hillside Beach Club,Gocek Fethiye and Turquoise Coast,غوجك وفتحية والساحل الفيروزي,Fethiye,Beach Club Resort,https://www.hillsidebeachclub.com/en/,hillsidebeachclub.com,"private_beach, family, wellness, nature, kids",5,1,2,3,3,"family, wellness, beach_nature",مناسب للعائلات الخليجية بفضل المساحات والمرافق العائلية، ويركّز على الطبيعة والهدوء بعيدًا عن زحمة المدن، وفيه تجربة ساحلية هادئة بخليج أو شاطئ خاص، مع عنصر سبا/استرخاء مهم في الرحلات الطويلة.,قدّم الفندق كتجربة ساحلية هادئة وراقية: ابدأ بالخليج/الشاطئ، ثم الخصوصية، ثم الخدمة الراقية.,"homepage, rooms, gallery, offers, dining, spa, location, contact, kids-club, beach, wellness","Use official site pages first: homepage, rooms, gallery, offers, dining, spa, location, then capture source URLs for media and offer text.",للتطوير: خزّن روابط الصور الأصلية وبيانات المصدر. قبل الإطلاق التجاري: استخدم فقط الصور التي لديك حق إعادة استخدامها من الفندق أو المورد.,launch,26,ready_for_ingestion
47,liberty-lykia,Liberty Lykia,Gocek Fethiye and Turquoise Coast,غوجك وفتحية والساحل الفيروزي,Oludeniz / Fethiye,Nature Family Resort,https://www.libertyhotels.com/en/hotels/liberty-lykia/,libertyhotels.com,"private_beach, family, kids, mountain, sea",5,1,2,4,2,"family, beach_nature, mountain_lake_nature",مناسب للعائلات الخليجية بفضل المساحات والمرافق العائلية، ويركّز على الطبيعة والهدوء بعيدًا عن زحمة المدن، وفيه تجربة ساحلية هادئة بخليج أو شاطئ خاص، ويصلح لرحلات الصيف الفاخرة أو شهر العسل.,قدّم الفندق كتجربة ساحلية هادئة وراقية: ابدأ بالخليج/الشاطئ، ثم الخصوصية، ثم الخدمة الراقية.,"homepage, rooms, gallery, offers, dining, spa, location, contact, kids-club, beach","Use official site pages first: homepage, rooms, gallery, offers, dining, spa, location, then capture source URLs for media and offer text.",للتطوير: خزّن روابط الصور الأصلية وبيانات المصدر. قبل الإطلاق التجاري: استخدم فقط الصور التي لديك حق إعادة استخدامها من الفندق أو المورد.,launch,27,ready_for_ingestion
51,maxx-royal-belek-golf-resort,Maxx Royal Belek Golf Resort,Antalya Belek and Kemer Nature Luxury,أنطاليا وبيليك وكمير بطابع طبيعي فاخر,Belek,Ultra Luxury Resort,https://www.maxxroyal.com/belek-golf-resort,maxxroyal.com,"private_beach, family, kids, luxury, villa, golf",5,3,4,2,5,"family, beach_nature",مناسب للعائلات الخليجية بفضل المساحات والمرافق العائلية، ويقدّم خصوصية أعلى تناسب الحجوزات الراقية، وفيه تجربة ساحلية هادئة بخليج أو شاطئ خاص، ويصلح لرحلات الصيف الفاخرة أو شهر العسل.,قدّم الفندق كخيار خصوصية وفخامة: ابدأ بالمساحة والهدوء، ثم الفلل/الأجنحة، ثم سبب ملاءمته للعميل الخليجي.,"homepage, rooms, gallery, offers, dining, spa, location, contact, kids-club, villas, beach, golf","Use official site pages first: homepage, rooms, gallery, offers, dining, spa, location, then capture source URLs for media and offer text.",للتطوير: خزّن روابط الصور الأصلية وبيانات المصدر. قبل الإطلاق التجاري: استخدم فقط الصور التي لديك حق إعادة استخدامها من الفندق أو المورد.,launch,28,ready_for_ingestion
54,gloria-serenity-resort,Gloria Serenity Resort,Antalya Belek and Kemer Nature Luxury,أنطاليا وبيليك وكمير بطابع طبيعي فاخر,Belek,Luxury Resort,https://www.gloria.com.tr/en/hotels/gloria-serenity-resort/,gloria.com.tr,"private_beach, family, privacy, luxury, golf, spa",4,3,4,2,4,"family, honeymoon, wellness, beach_nature",مناسب للعائلات الخليجية بفضل المساحات والمرافق العائلية، ويقدّم خصوصية أعلى تناسب الحجوزات الراقية، وفيه تجربة ساحلية هادئة بخليج أو شاطئ خاص، مع عنصر سبا/استرخاء مهم في الرحلات الطويلة.,قدّم الفندق كخيار خصوصية وفخامة: ابدأ بالمساحة والهدوء، ثم الفلل/الأجنحة، ثم سبب ملاءمته للعميل الخليجي.,"homepage, rooms, gallery, offers, dining, spa, location, contact, beach, wellness, golf","Use official site pages first: homepage, rooms, gallery, offers, dining, spa, location, then capture source URLs for media and offer text.",للتطوير: خزّن روابط الصور الأصلية وبيانات المصدر. قبل الإطلاق التجاري: استخدم فقط الصور التي لديك حق إعادة استخدامها من الفندق أو المورد.,launch,29,ready_for_ingestion
62,ng-phaselis-bay,NG Phaselis Bay,Antalya Belek and Kemer Nature Luxury,أنطاليا وبيليك وكمير بطابع طبيعي فاخر,Kemer,Nature Luxury Resort,https://ngphaselisbay.com/en,ngphaselisbay.com,"private_bays, mountain, forest, luxury, family",4,2,2,4,4,"family, beach_nature, mountain_lake_nature",مناسب للعائلات الخليجية بفضل المساحات والمرافق العائلية، ويركّز على الطبيعة والهدوء بعيدًا عن زحمة المدن، وفيه تجربة ساحلية هادئة بخليج أو شاطئ خاص، ويصلح لرحلات الصيف الفاخرة أو شهر العسل.,قدّم الفندق كمنتجع عائلي فاخر: ركّز على الشاطئ، الأطفال، الفيلات، والمرافق الشاملة.,"homepage, rooms, gallery, offers, dining, spa, location, contact, beach","Use official site pages first: homepage, rooms, gallery, offers, dining, spa, location, then capture source URLs for media and offer text.",للتطوير: خزّن روابط الصور الأصلية وبيانات المصدر. قبل الإطلاق التجاري: استخدم فقط الصور التي لديك حق إعادة استخدامها من الفندق أو المورد.,launch,30,ready_for_ingestion
